hdr;country;code;gii;anno
1;Norway;NOR;0.120;1995
2;Switzerland;CHE;0.120;1995
3;Australia;AUS;0.180;1995
4;Germany;DEU;0.160;1995
5;Denmark;DNK;0.100;1995
6;Singapore;SGP;0.250;1995
7;Netherlands;NLD;0.110;1995
8;Ireland;IRL;0.200;1995
9;Iceland;ISL;0.180;1995
10;Canada;CAN;0.180;1995
11;United States;USA;0.310;1995
12;New Zealand;NZL;0.220;1995
13;Sweden;SWE;0.090;1995
14;United Kingdom;GBR;0.240;1995
15;Japan;JPN;0.160;1995
16;Korea, Rep.;KOR;0.280;1995
17;Israel;ISR;0.240;1995
18;Luxembourg;LUX;0.200;1995
19;France;FRA;0.220;1995
20;Belgium;BEL;0.160;1995
21;Finland;FIN;0.100;1995
22;Austria;AUT;0.190;1995
23;Slovenia;SVN;0.250;1995
24;Italy;ITA;0.200;1995
25;Spain;ESP;0.160;1995
26;Czech Republic;CZE;0.250;1995
27;Greece;GRC;0.280;1995
28;Estonia;EST;0.390;1995
29;Cyprus;CYP;0.350;1995
30;Malta;MLT;0.330;1995
31;Qatar;QAT;0.000;1995
32;Poland;POL;0.260;1995
33;Lithuania;LTU;0.330;1995
34;Chile;CHL;0.480;1995
35;Saudi Arabia;SAU;0.000;1995
36;Slovak Republic;SVK;0.250;1995
37;Portugal;PRT;0.240;1995
38;United Arab Emirates;ARE;0.640;1995
39;Hungary;HUN;0.320;1995
40;Latvia;LVA;0.410;1995
41;Argentina;ARG;0.430;1995
42;Croatia;HRV;0.280;1995
43;Bahrain;BHR;0.000;1995
44;Montenegro;MNE;0.000;1995
45;Russian Federation;RUS;0.470;1995
46;Romania;ROU;0.470;1995
47;Kuwait;KWT;0.590;1995
48;Belarus;BLR;0.000;1995
49;Oman;OMN;0.000;1995
50;Barbados;BRB;0.370;1995
51;Uruguay;URY;0.440;1995
52;Bulgaria;BGR;0.370;1995
53;Kazakhstan;KAZ;0.450;1995
54;Bahamas, The;BHS;0.000;1995
55;Panama;PAN;0.520;1995
56;Mauritius;MUS;0.480;1995
57;Trinidad and Tobago;TTO;0.430;1995
58;Costa Rica;CRI;0.460;1995
59;Serbia;SRB;0.000;1995
60;Cuba;CUB;0.430;1995
61;Iran, Islamic Rep.;IRN;0.670;1995
62;Georgia;GEO;0.430;1995
63;Turkey;TUR;0.630;1995
64;Venezuela, RB;VEN;0.550;1995
65;Sri Lanka;LKA;0.470;1995
66;Albania;ALB;0.000;1995
67;Lebanon;LBN;0.000;1995
68;Mexico;MEX;0.510;1995
69;Azerbaijan;AZE;0.000;1995
70;Brazil;BRA;0.510;1995
71;Bosnia and Herzegovina;BIH;0.000;1995
72;Armenia;ARM;0.470;1995
73;Ukraine;UKR;0.480;1995
74;Jordan;JOR;0.670;1995
75;Peru;PER;0.550;1995
76;Thailand;THA;0.400;1995
77;Ecuador;ECU;0.590;1995
78;China;CHN;0.000;1995
79;Fiji;FJI;0.500;1995
80;Mongolia;MNG;0.500;1995
81;Jamaica;JAM;0.480;1995
82;Colombia;COL;0.540;1995
83;Suriname;SUR;0.000;1995
84;Tunisia;TUN;0.530;1995
85;Dominican Republic;DOM;0.570;1995
86;Tonga;TON;0.680;1995
87;Libya;LBY;0.000;1995
88;Belize;BLZ;0.520;1995
89;Samoa;WSM;0.000;1995
90;Maldives;MDV;0.650;1995
91;Uzbekistan;UZB;0.000;1995
92;Moldova;MDA;0.490;1995
93;Botswana;BWA;0.550;1995
94;Gabon;GAB;0.610;1995
95;Paraguay;PRY;0.580;1995
96;Egypt, Arab Rep.;EGY;0.670;1995
97;Turkmenistan;TKM;0.370;1995
98;Indonesia;IDN;0.580;1995
99;Vietnam;VNM;0.380;1995
100;Philippines;PHL;0.480;1995
101;El Salvador;SLV;0.530;1995
102;Bolivia;BOL;0.000;1995
103;South Africa;ZAF;0.420;1995
104;Kyrgyz Republic;KGZ;0.510;1995
105;Iraq;IRQ;0.660;1995
106;Morocco;MAR;0.710;1995
107;Nicaragua;NIC;0.630;1995
108;Guatemala;GTM;0.600;1995
109;Namibia;NAM;0.560;1995
110;Tajikistan;TJK;0.560;1995
111;Honduras;HND;0.000;1995
112;India;IND;0.690;1995
113;Bhutan;BTN;0.000;1995
114;Congo, Dem. Rep.;COD;0.000;1995
115;Lao PDR;LAO;0.000;1995
116;Bangladesh;BGD;0.660;1995
117;Ghana;GHA;0.630;1995
118;Zambia;ZMB;0.630;1995
119;Cambodia;KHM;0.660;1995
120;Nepal;NPL;0.710;1995
121;Myanmar;MMR;0.000;1995
122;Kenya;KEN;0.710;1995
123;Pakistan;PAK;0.770;1995
124;Syrian Arab Republic;SYR;0.570;1995
125;Tanzania;TZA;0.650;1995
126;Nigeria;NGA;0.830;1995
127;Cameroon;CMR;0.700;1995
128;Papua New Guinea;PNG;0.670;1995
129;Zimbabwe;ZWE;0.600;1995
130;Mauritania;MRT;0.810;1995
131;Rwanda;RWA;0.580;1995
132;Lesotho;LSO;0.580;1995
133;Senegal;SEN;0.630;1995
134;Haiti;HTI;0.000;1995
135;Uganda;UGA;0.650;1995
136;Sudan;SDN;0.720;1995
137;Togo;TGO;0.740;1995
138;Benin;BEN;0.680;1995
139;Yemen, Rep.;YEM;0.000;1995
140;Afghanistan;AFG;0.000;1995
141;Malawi;MWI;0.720;1995
142;Cote d'Ivoire;CIV;0.710;1995
143;Gambia, The;GMB;0.750;1995
144;Ethiopia;ETH;0.000;1995
145;Mali;MLI;0.730;1995
146;Congo, Rep.;COG;0.000;1995
147;Liberia;LBR;0.000;1995
148;Sierra Leone;SLE;0.000;1995
149;Mozambique;MOZ;0.660;1995
150;Burundi;BDI;0.000;1995
151;Burkina Faso;BFA;0.000;1995
152;Chad;TCD;0.000;1995
153;Central African Republic;CAF;0.740;1995
1;Norway;NOR;0.110;2000
2;Switzerland;CHE;0.160;2000
3;Australia;AUS;0.090;2000
4;Germany;DEU;0.130;2000
5;Denmark;DNK;0.080;2000
6;Singapore;SGP;0.270;2000
7;Netherlands;NLD;0.100;2000
8;Ireland;IRL;0.200;2000
9;Iceland;ISL;0.150;2000
10;Canada;CAN;0.000;2000
11;United States;USA;0.000;2000
12;New Zealand;NZL;0.190;2000
13;Sweden;SWE;0.060;2000
14;United Kingdom;GBR;0.220;2000
15;Japan;JPN;0.140;2000
16;Korea, Rep.;KOR;0.190;2000
17;Israel;ISR;0.200;2000
18;Luxembourg;LUX;0.180;2000
19;France;FRA;0.190;2000
20;Belgium;BEL;0.120;2000
21;Finland;FIN;0.090;2000
22;Austria;AUT;0.150;2000
23;Slovenia;SVN;0.000;2000
24;Italy;ITA;0.180;2000
25;Spain;ESP;0.120;2000
26;Czech Republic;CZE;0.000;2000
27;Greece;GRC;0.220;2000
28;Estonia;EST;0.280;2000
29;Cyprus;CYP;0.260;2000
30;Malta;MLT;0.320;2000
31;Qatar;QAT;0.000;2000
32;Poland;POL;0.210;2000
33;Lithuania;LTU;0.280;2000
34;Chile;CHL;0.430;2000
35;Saudi Arabia;SAU;0.000;2000
36;Slovak Republic;SVK;0.220;2000
37;Portugal;PRT;0.210;2000
38;United Arab Emirates;ARE;0.610;2000
39;Hungary;HUN;0.290;2000
40;Latvia;LVA;0.280;2000
41;Argentina;ARG;0.420;2000
42;Croatia;HRV;0.210;2000
43;Bahrain;BHR;0.000;2000
44;Montenegro;MNE;0.000;2000
45;Russian Federation;RUS;0.420;2000
46;Romania;ROU;0.000;2000
47;Kuwait;KWT;0.590;2000
48;Belarus;BLR;0.000;2000
49;Oman;OMN;0.000;2000
50;Barbados;BRB;0.360;2000
51;Uruguay;URY;0.390;2000
52;Bulgaria;BGR;0.340;2000
53;Kazakhstan;KAZ;0.410;2000
54;Bahamas, The;BHS;0.390;2000
55;Panama;PAN;0.510;2000
56;Mauritius;MUS;0.450;2000
57;Trinidad and Tobago;TTO;0.000;2000
58;Costa Rica;CRI;0.430;2000
59;Serbia;SRB;0.000;2000
60;Cuba;CUB;0.390;2000
61;Iran, Islamic Rep.;IRN;0.600;2000
62;Georgia;GEO;0.420;2000
63;Turkey;TUR;0.590;2000
64;Venezuela, RB;VEN;0.000;2000
65;Sri Lanka;LKA;0.000;2000
66;Albania;ALB;0.380;2000
67;Lebanon;LBN;0.000;2000
68;Mexico;MEX;0.490;2000
69;Azerbaijan;AZE;0.000;2000
70;Brazil;BRA;0.500;2000
71;Bosnia and Herzegovina;BIH;0.000;2000
72;Armenia;ARM;0.470;2000
73;Ukraine;UKR;0.380;2000
74;Jordan;JOR;0.630;2000
75;Peru;PER;0.000;2000
76;Thailand;THA;0.400;2000
77;Ecuador;ECU;0.490;2000
78;China;CHN;0.250;2000
79;Fiji;FJI;0.000;2000
80;Mongolia;MNG;0.450;2000
81;Jamaica;JAM;0.470;2000
82;Colombia;COL;0.500;2000
83;Suriname;SUR;0.000;2000
84;Tunisia;TUN;0.430;2000
85;Dominican Republic;DOM;0.490;2000
86;Tonga;TON;0.670;2000
87;Libya;LBY;0.000;2000
88;Belize;BLZ;0.480;2000
89;Samoa;WSM;0.500;2000
90;Maldives;MDV;0.540;2000
91;Uzbekistan;UZB;0.000;2000
92;Moldova;MDA;0.430;2000
93;Botswana;BWA;0.520;2000
94;Gabon;GAB;0.600;2000
95;Paraguay;PRY;0.560;2000
96;Egypt, Arab Rep.;EGY;0.630;2000
97;Turkmenistan;TKM;0.000;2000
98;Indonesia;IDN;0.560;2000
99;Vietnam;VNM;0.350;2000
100;Philippines;PHL;0.480;2000
101;El Salvador;SLV;0.520;2000
102;Bolivia;BOL;0.590;2000
103;South Africa;ZAF;0.420;2000
104;Kyrgyz Republic;KGZ;0.480;2000
105;Iraq;IRQ;0.620;2000
106;Morocco;MAR;0.700;2000
107;Nicaragua;NIC;0.600;2000
108;Guatemala;GTM;0.600;2000
109;Namibia;NAM;0.550;2000
110;Tajikistan;TJK;0.410;2000
111;Honduras;HND;0.550;2000
112;India;IND;0.000;2000
113;Bhutan;BTN;0.000;2000
114;Congo, Dem. Rep.;COD;0.620;2000
115;Lao PDR;LAO;0.580;2000
116;Bangladesh;BGD;0.630;2000
117;Ghana;GHA;0.000;2000
118;Zambia;ZMB;0.630;2000
119;Cambodia;KHM;0.600;2000
120;Nepal;NPL;0.670;2000
121;Myanmar;MMR;0.000;2000
122;Kenya;KEN;0.700;2000
123;Pakistan;PAK;0.000;2000
124;Syrian Arab Republic;SYR;0.550;2000
125;Tanzania;TZA;0.000;2000
126;Nigeria;NGA;0.690;2000
127;Cameroon;CMR;0.660;2000
128;Papua New Guinea;PNG;0.630;2000
129;Zimbabwe;ZWE;0.760;2000
130;Mauritania;MRT;0.550;2000
131;Rwanda;RWA;0.600;2000
132;Lesotho;LSO;0.630;2000
133;Senegal;SEN;0.000;2000
134;Haiti;HTI;0.640;2000
135;Uganda;UGA;0.000;2000
136;Sudan;SDN;0.670;2000
137;Togo;TGO;0.680;2000
138;Benin;BEN;0.810;2000
139;Yemen, Rep.;YEM;0.000;2000
140;Afghanistan;AFG;0.690;2000
141;Malawi;MWI;0.000;2000
142;Cote d'Ivoire;CIV;0.740;2000
143;Gambia, The;GMB;0.000;2000
144;Ethiopia;ETH;0.730;2000
145;Mali;MLI;0.000;2000
146;Congo, Rep.;COG;0.690;2000
147;Liberia;LBR;0.700;2000
148;Sierra Leone;SLE;0.650;2000
149;Mozambique;MOZ;0.590;2000
150;Burundi;BDI;0.000;2000
151;Burkina Faso;BFA;0.000;2000
152;Chad;TCD;0.820;2000
153;Central African Republic;CAF;0.710;2000
1;Norway;NOR;0.090;2005
2;Switzerland;CHE;0.070;2005
3;Australia;AUS;0.140;2005
4;Germany;DEU;0.120;2005
5;Denmark;DNK;0.000;2005
6;Singapore;SGP;0.170;2005
7;Netherlands;NLD;0.080;2005
8;Ireland;IRL;0.190;2005
9;Iceland;ISL;0.130;2005
10;Canada;CAN;0.130;2005
11;United States;USA;0.260;2005
12;New Zealand;NZL;0.190;2005
13;Sweden;SWE;0.050;2005
14;United Kingdom;GBR;0.210;2005
15;Japan;JPN;0.150;2005
16;Korea, Rep.;KOR;0.110;2005
17;Israel;ISR;0.170;2005
18;Luxembourg;LUX;0.160;2005
19;France;FRA;0.160;2005
20;Belgium;BEL;0.100;2005
21;Finland;FIN;0.090;2005
22;Austria;AUT;0.120;2005
23;Slovenia;SVN;0.140;2005
24;Italy;ITA;0.180;2005
25;Spain;ESP;0.120;2005
26;Czech Republic;CZE;0.150;2005
27;Greece;GRC;0.180;2005
28;Estonia;EST;0.210;2005
29;Cyprus;CYP;0.140;2005
30;Malta;MLT;0.310;2005
31;Qatar;QAT;0.000;2005
32;Poland;POL;0.160;2005
33;Lithuania;LTU;0.190;2005
34;Chile;CHL;0.390;2005
35;Saudi Arabia;SAU;0.670;2005
36;Slovak Republic;SVK;0.190;2005
37;Portugal;PRT;0.180;2005
38;United Arab Emirates;ARE;0.590;2005
39;Hungary;HUN;0.260;2005
40;Latvia;LVA;0.220;2005
41;Argentina;ARG;0.370;2005
42;Croatia;HRV;0.160;2005
43;Bahrain;BHR;0.330;2005
44;Montenegro;MNE;0.000;2005
45;Russian Federation;RUS;0.360;2005
46;Romania;ROU;0.360;2005
47;Kuwait;KWT;0.370;2005
48;Belarus;BLR;0.000;2005
49;Oman;OMN;0.390;2005
50;Barbados;BRB;0.350;2005
51;Uruguay;URY;0.370;2005
52;Bulgaria;BGR;0.250;2005
53;Kazakhstan;KAZ;0.360;2005
54;Bahamas, The;BHS;0.360;2005
55;Panama;PAN;0.470;2005
56;Mauritius;MUS;0.370;2005
57;Trinidad and Tobago;TTO;0.350;2005
58;Costa Rica;CRI;0.350;2005
59;Serbia;SRB;0.000;2005
60;Cuba;CUB;0.340;2005
61;Iran, Islamic Rep.;IRN;0.510;2005
62;Georgia;GEO;0.390;2005
63;Turkey;TUR;0.560;2005
64;Venezuela, RB;VEN;0.470;2005
65;Sri Lanka;LKA;0.450;2005
66;Albania;ALB;0.330;2005
67;Lebanon;LBN;0.000;2005
68;Mexico;MEX;0.430;2005
69;Azerbaijan;AZE;0.320;2005
70;Brazil;BRA;0.470;2005
71;Bosnia and Herzegovina;BIH;0.000;2005
72;Armenia;ARM;0.410;2005
73;Ukraine;UKR;0.370;2005
74;Jordan;JOR;0.560;2005
75;Peru;PER;0.460;2005
76;Thailand;THA;0.350;2005
77;Ecuador;ECU;0.450;2005
78;China;CHN;0.230;2005
79;Fiji;FJI;0.410;2005
80;Mongolia;MNG;0.410;2005
81;Jamaica;JAM;0.470;2005
82;Colombia;COL;0.480;2005
83;Suriname;SUR;0.490;2005
84;Tunisia;TUN;0.340;2005
85;Dominican Republic;DOM;0.470;2005
86;Tonga;TON;0.480;2005
87;Libya;LBY;0.270;2005
88;Belize;BLZ;0.460;2005
89;Samoa;WSM;0.490;2005
90;Maldives;MDV;0.420;2005
91;Uzbekistan;UZB;0.000;2005
92;Moldova;MDA;0.290;2005
93;Botswana;BWA;0.520;2005
94;Gabon;GAB;0.570;2005
95;Paraguay;PRY;0.540;2005
96;Egypt, Arab Rep.;EGY;0.580;2005
97;Turkmenistan;TKM;0.000;2005
98;Indonesia;IDN;0.530;2005
99;Vietnam;VNM;0.320;2005
100;Philippines;PHL;0.470;2005
101;El Salvador;SLV;0.490;2005
102;Bolivia;BOL;0.560;2005
103;South Africa;ZAF;0.430;2005
104;Kyrgyz Republic;KGZ;0.680;2005
105;Iraq;IRQ;0.000;2005
106;Morocco;MAR;0.580;2005
107;Nicaragua;NIC;0.540;2005
108;Guatemala;GTM;0.570;2005
109;Namibia;NAM;0.530;2005
110;Tajikistan;TJK;0.350;2005
111;Honduras;HND;0.520;2005
112;India;IND;0.620;2005
113;Bhutan;BTN;0.000;2005
114;Congo, Dem. Rep.;COD;0.630;2005
115;Lao PDR;LAO;0.540;2005
116;Bangladesh;BGD;0.590;2005
117;Ghana;GHA;0.570;2005
118;Zambia;ZMB;0.590;2005
119;Cambodia;KHM;0.560;2005
120;Nepal;NPL;0.650;2005
121;Myanmar;MMR;0.000;2005
122;Kenya;KEN;0.650;2005
123;Pakistan;PAK;0.600;2005
124;Syrian Arab Republic;SYR;0.540;2005
125;Tanzania;TZA;0.590;2005
126;Nigeria;NGA;0.730;2005
127;Cameroon;CMR;0.660;2005
128;Papua New Guinea;PNG;0.680;2005
129;Zimbabwe;ZWE;0.590;2005
130;Mauritania;MRT;0.000;2005
131;Rwanda;RWA;0.480;2005
132;Lesotho;LSO;0.590;2005
133;Senegal;SEN;0.630;2005
134;Haiti;HTI;0.580;2005
135;Uganda;UGA;0.590;2005
136;Sudan;SDN;0.670;2005
137;Togo;TGO;0.630;2005
138;Benin;BEN;0.660;2005
139;Yemen, Rep.;YEM;0.790;2005
140;Afghanistan;AFG;0.740;2005
141;Malawi;MWI;0.660;2005
142;Cote d'Ivoire;CIV;0.690;2005
143;Gambia, The;GMB;0.650;2005
144;Ethiopia;ETH;0.610;2005
145;Mali;MLI;0.720;2005
146;Congo, Rep.;COG;0.670;2005
147;Liberia;LBR;0.680;2005
148;Sierra Leone;SLE;0.670;2005
149;Mozambique;MOZ;0.640;2005
150;Burundi;BDI;0.530;2005
151;Burkina Faso;BFA;0.640;2005
152;Chad;TCD;0.000;2005
153;Central African Republic;CAF;0.680;2005
1;Norway;NOR;0.080;2010
2;Switzerland;CHE;0.060;2010
3;Australia;AUS;0.140;2010
4;Germany;DEU;0.100;2010
5;Denmark;DNK;0.060;2010
6;Singapore;SGP;0.100;2010
7;Netherlands;NLD;0.050;2010
8;Ireland;IRL;0.170;2010
9;Iceland;ISL;0.100;2010
10;Canada;CAN;0.130;2010
11;United States;USA;0.250;2010
12;New Zealand;NZL;0.190;2010
13;Sweden;SWE;0.050;2010
14;United Kingdom;GBR;0.180;2010
15;Japan;JPN;0.120;2010
16;Korea, Rep.;KOR;0.100;2010
17;Israel;ISR;0.150;2010
18;Luxembourg;LUX;0.130;2010
19;France;FRA;0.130;2010
20;Belgium;BEL;0.090;2010
21;Finland;FIN;0.080;2010
22;Austria;AUT;0.110;2010
23;Slovenia;SVN;0.120;2010
24;Italy;ITA;0.120;2010
25;Spain;ESP;0.110;2010
26;Czech Republic;CZE;0.140;2010
27;Greece;GRC;0.160;2010
28;Estonia;EST;0.170;2010
29;Cyprus;CYP;0.130;2010
30;Malta;MLT;0.280;2010
31;Qatar;QAT;0.580;2010
32;Poland;POL;0.170;2010
33;Lithuania;LTU;0.170;2010
34;Chile;CHL;0.360;2010
35;Saudi Arabia;SAU;0.630;2010
36;Slovak Republic;SVK;0.190;2010
37;Portugal;PRT;0.140;2010
38;United Arab Emirates;ARE;0.230;2010
39;Hungary;HUN;0.260;2010
40;Latvia;LVA;0.210;2010
41;Argentina;ARG;0.370;2010
42;Croatia;HRV;0.150;2010
43;Bahrain;BHR;0.240;2010
44;Montenegro;MNE;0.220;2010
45;Russian Federation;RUS;0.320;2010
46;Romania;ROU;0.360;2010
47;Kuwait;KWT;0.240;2010
48;Belarus;BLR;0.150;2010
49;Oman;OMN;0.320;2010
50;Barbados;BRB;0.320;2010
51;Uruguay;URY;0.330;2010
52;Bulgaria;BGR;0.230;2010
53;Kazakhstan;KAZ;0.270;2010
54;Bahamas, The;BHS;0.380;2010
55;Panama;PAN;0.520;2010
56;Mauritius;MUS;0.380;2010
57;Trinidad and Tobago;TTO;0.350;2010
58;Costa Rica;CRI;0.330;2010
59;Serbia;SRB;0.220;2010
60;Cuba;CUB;0.330;2010
61;Iran, Islamic Rep.;IRN;0.530;2010
62;Georgia;GEO;0.420;2010
63;Turkey;TUR;0.430;2010
64;Venezuela, RB;VEN;0.470;2010
65;Sri Lanka;LKA;0.410;2010
66;Albania;ALB;0.270;2010
67;Lebanon;LBN;0.400;2010
68;Mexico;MEX;0.400;2010
69;Azerbaijan;AZE;0.320;2010
70;Brazil;BRA;0.450;2010
71;Bosnia and Herzegovina;BIH;0.240;2010
72;Armenia;ARM;0.340;2010
73;Ukraine;UKR;0.330;2010
74;Jordan;JOR;0.490;2010
75;Peru;PER;0.410;2010
76;Thailand;THA;0.320;2010
77;Ecuador;ECU;0.420;2010
78;China;CHN;0.200;2010
79;Fiji;FJI;0.000;2010
80;Mongolia;MNG;0.410;2010
81;Jamaica;JAM;0.460;2010
82;Colombia;COL;0.440;2010
83;Suriname;SUR;0.510;2010
84;Tunisia;TUN;0.310;2010
85;Dominican Republic;DOM;0.470;2010
86;Tonga;TON;0.670;2010
87;Libya;LBY;0.220;2010
88;Belize;BLZ;0.420;2010
89;Samoa;WSM;0.460;2010
90;Maldives;MDV;0.380;2010
91;Uzbekistan;UZB;0.000;2010
92;Moldova;MDA;0.290;2010
93;Botswana;BWA;0.500;2010
94;Gabon;GAB;0.560;2010
95;Paraguay;PRY;0.500;2010
96;Egypt, Arab Rep.;EGY;0.000;2010
97;Turkmenistan;TKM;0.000;2010
98;Indonesia;IDN;0.490;2010
99;Vietnam;VNM;0.320;2010
100;Philippines;PHL;0.450;2010
101;El Salvador;SLV;0.440;2010
102;Bolivia;BOL;0.500;2010
103;South Africa;ZAF;0.420;2010
104;Kyrgyz Republic;KGZ;0.370;2010
105;Iraq;IRQ;0.540;2010
106;Morocco;MAR;0.560;2010
107;Nicaragua;NIC;0.520;2010
108;Guatemala;GTM;0.540;2010
109;Namibia;NAM;0.510;2010
110;Tajikistan;TJK;0.330;2010
111;Honduras;HND;0.510;2010
112;India;IND;0.590;2010
113;Bhutan;BTN;0.000;2010
114;Congo, Dem. Rep.;COD;0.620;2010
115;Lao PDR;LAO;0.510;2010
116;Bangladesh;BGD;0.560;2010
117;Ghana;GHA;0.570;2010
118;Zambia;ZMB;0.550;2010
119;Cambodia;KHM;0.490;2010
120;Nepal;NPL;0.540;2010
121;Myanmar;MMR;0.460;2010
122;Kenya;KEN;0.620;2010
123;Pakistan;PAK;0.570;2010
124;Syrian Arab Republic;SYR;0.540;2010
125;Tanzania;TZA;0.000;2010
126;Nigeria;NGA;0.000;2010
127;Cameroon;CMR;0.620;2010
128;Papua New Guinea;PNG;0.670;2010
129;Zimbabwe;ZWE;0.580;2010
130;Mauritania;MRT;0.660;2010
131;Rwanda;RWA;0.440;2010
132;Lesotho;LSO;0.570;2010
133;Senegal;SEN;0.580;2010
134;Haiti;HTI;0.000;2010
135;Uganda;UGA;0.560;2010
136;Sudan;SDN;0.620;2010
137;Togo;TGO;0.600;2010
138;Benin;BEN;0.620;2010
139;Yemen, Rep.;YEM;0.780;2010
140;Afghanistan;AFG;0.720;2010
141;Malawi;MWI;0.620;2010
142;Cote d'Ivoire;CIV;0.680;2010
143;Gambia, The;GMB;0.660;2010
144;Ethiopia;ETH;0.580;2010
145;Mali;MLI;0.680;2010
146;Congo, Rep.;COG;0.680;2010
147;Liberia;LBR;0.660;2010
148;Sierra Leone;SLE;0.670;2010
149;Mozambique;MOZ;0.620;2010
150;Burundi;BDI;0.500;2010
151;Burkina Faso;BFA;0.610;2010
152;Chad;TCD;0.000;2010
153;Central African Republic;CAF;0.670;2010
1;Norway;NOR;0.050;2015
2;Switzerland;CHE;0.040;2015
3;Australia;AUS;0.120;2015
4;Germany;DEU;0.070;2015
5;Denmark;DNK;0.040;2015
6;Singapore;SGP;0.070;2015
7;Netherlands;NLD;0.040;2015
8;Ireland;IRL;0.130;2015
9;Iceland;ISL;0.050;2015
10;Canada;CAN;0.100;2015
11;United States;USA;0.200;2015
12;New Zealand;NZL;0.160;2015
13;Sweden;SWE;0.050;2015
14;United Kingdom;GBR;0.130;2015
15;Japan;JPN;0.120;2015
16;Korea, Rep.;KOR;0.070;2015
17;Israel;ISR;0.100;2015
18;Luxembourg;LUX;0.080;2015
19;France;FRA;0.100;2015
20;Belgium;BEL;0.070;2015
21;Finland;FIN;0.060;2015
22;Austria;AUT;0.080;2015
23;Slovenia;SVN;0.050;2015
24;Italy;ITA;0.090;2015
25;Spain;ESP;0.080;2015
26;Czech Republic;CZE;0.130;2015
27;Greece;GRC;0.120;2015
28;Estonia;EST;0.130;2015
29;Cyprus;CYP;0.120;2015
30;Malta;MLT;0.220;2015
31;Qatar;QAT;0.540;2015
32;Poland;POL;0.140;2015
33;Lithuania;LTU;0.120;2015
34;Chile;CHL;0.320;2015
35;Saudi Arabia;SAU;0.260;2015
36;Slovak Republic;SVK;0.180;2015
37;Portugal;PRT;0.090;2015
38;United Arab Emirates;ARE;0.230;2015
39;Hungary;HUN;0.250;2015
40;Latvia;LVA;0.190;2015
41;Argentina;ARG;0.000;2015
42;Croatia;HRV;0.140;2015
43;Bahrain;BHR;0.230;2015
44;Montenegro;MNE;0.160;2015
45;Russian Federation;RUS;0.270;2015
46;Romania;ROU;0.340;2015
47;Kuwait;KWT;0.340;2015
48;Belarus;BLR;0.140;2015
49;Oman;OMN;0.280;2015
50;Barbados;BRB;0.290;2015
51;Uruguay;URY;0.280;2015
52;Bulgaria;BGR;0.220;2015
53;Kazakhstan;KAZ;0.200;2015
54;Bahamas, The;BHS;0.360;2015
55;Panama;PAN;0.460;2015
56;Mauritius;MUS;0.380;2015
57;Trinidad and Tobago;TTO;0.320;2015
58;Costa Rica;CRI;0.310;2015
59;Serbia;SRB;0.190;2015
60;Cuba;CUB;0.300;2015
61;Iran, Islamic Rep.;IRN;0.510;2015
62;Georgia;GEO;0.360;2015
63;Turkey;TUR;0.330;2015
64;Venezuela, RB;VEN;0.460;2015
65;Sri Lanka;LKA;0.390;2015
66;Albania;ALB;0.270;2015
67;Lebanon;LBN;0.380;2015
68;Mexico;MEX;0.350;2015
69;Azerbaijan;AZE;0.330;2015
70;Brazil;BRA;0.410;2015
71;Bosnia and Herzegovina;BIH;0.160;2015
72;Armenia;ARM;0.290;2015
73;Ukraine;UKR;0.280;2015
74;Jordan;JOR;0.480;2015
75;Peru;PER;0.390;2015
76;Thailand;THA;0.370;2015
77;Ecuador;ECU;0.390;2015
78;China;CHN;0.160;2015
79;Fiji;FJI;0.360;2015
80;Mongolia;MNG;0.280;2015
81;Jamaica;JAM;0.420;2015
82;Colombia;COL;0.390;2015
83;Suriname;SUR;0.450;2015
84;Tunisia;TUN;0.290;2015
85;Dominican Republic;DOM;0.470;2015
86;Tonga;TON;0.660;2015
87;Libya;LBY;0.170;2015
88;Belize;BLZ;0.380;2015
89;Samoa;WSM;0.440;2015
90;Maldives;MDV;0.310;2015
91;Uzbekistan;UZB;0.290;2015
92;Moldova;MDA;0.230;2015
93;Botswana;BWA;0.440;2015
94;Gabon;GAB;0.540;2015
95;Paraguay;PRY;0.460;2015
96;Egypt, Arab Rep.;EGY;0.000;2015
97;Turkmenistan;TKM;0.000;2015
98;Indonesia;IDN;0.470;2015
99;Vietnam;VNM;0.340;2015
100;Philippines;PHL;0.440;2015
101;El Salvador;SLV;0.380;2015
102;Bolivia;BOL;0.450;2015
103;South Africa;ZAF;0.390;2015
104;Kyrgyz Republic;KGZ;0.390;2015
105;Iraq;IRQ;0.530;2015
106;Morocco;MAR;0.490;2015
107;Nicaragua;NIC;0.460;2015
108;Guatemala;GTM;0.490;2015
109;Namibia;NAM;0.470;2015
110;Tajikistan;TJK;0.320;2015
111;Honduras;HND;0.460;2015
112;India;IND;0.530;2015
113;Bhutan;BTN;0.480;2015
114;Congo, Dem. Rep.;COD;0.590;2015
115;Lao PDR;LAO;0.470;2015
116;Bangladesh;BGD;0.520;2015
117;Ghana;GHA;0.550;2015
118;Zambia;ZMB;0.530;2015
119;Cambodia;KHM;0.480;2015
120;Nepal;NPL;0.500;2015
121;Myanmar;MMR;0.370;2015
122;Kenya;KEN;0.570;2015
123;Pakistan;PAK;0.550;2015
124;Syrian Arab Republic;SYR;0.550;2015
125;Tanzania;TZA;0.540;2015
126;Nigeria;NGA;0.700;2015
127;Cameroon;CMR;0.570;2015
128;Papua New Guinea;PNG;0.600;2015
129;Zimbabwe;ZWE;0.540;2015
130;Mauritania;MRT;0.630;2015
131;Rwanda;RWA;0.380;2015
132;Lesotho;LSO;0.550;2015
133;Senegal;SEN;0.520;2015
134;Haiti;HTI;0.590;2015
135;Uganda;UGA;0.520;2015
136;Sudan;SDN;0.580;2015
137;Togo;TGO;0.560;2015
138;Benin;BEN;0.610;2015
139;Yemen, Rep.;YEM;0.770;2015
140;Afghanistan;AFG;0.670;2015
141;Malawi;MWI;0.610;2015
142;Cote d'Ivoire;CIV;0.670;2015
143;Gambia, The;GMB;0.640;2015
144;Ethiopia;ETH;0.500;2015
145;Mali;MLI;0.690;2015
146;Congo, Rep.;COG;0.660;2015
147;Liberia;LBR;0.650;2015
148;Sierra Leone;SLE;0.650;2015
149;Mozambique;MOZ;0.570;2015
150;Burundi;BDI;0.470;2015
151;Burkina Faso;BFA;0.620;2015
152;Chad;TCD;0.700;2015
153;Central African Republic;CAF;0.000;2015
